Name / Country,Nazwa Dealera 1,Adres 
Galeon USA,MarineMax Islamorada,"80460 Overseas Hwy
 Islamorada FL USA 33036"
Galeon USA,MarineMax Jupiter,"1095 N Hwy A1A 
 Jupiter FL USA 33477"
Galeon USA,MarineMax Miami,"700 NE 79th Street
 Miami FL USA 33138"
Galeon USA,MarineMax Marathon,"77 Coco Plum Dr
 Marathon FL USA 33050"
Galeon USA,MarineMax Fort Myers,"14030 McGregor Blvd.
 Fort Myers FL USA 33919"
Galeon USA,MarineMax Yacht Center,"750 South Federal Highway
 Pompano Beach FL USA 33062"
Galeon USA,MarineMax Sarasota,"1601 Ken Thompson Parkway
 Sarasota FL USA 34236"
Galeon USA,MarineMax Clearwater,"18025 US 19 North
 Clearwater FL USA 33764"
Galeon USA,MarineMax Naples,"1146 6th Avenue South
 Naples FL USA 34102"
Galeon USA,MarineMax Palm Beach at PGA Marina,"2361 PGA Boulevard
 Palm Beach Gardens FL USA 33410"
Galeon USA,MarineMax St. Petersburg,"6810 Gulfport Boulevard
 St. Petersburg FL USA 33707"
Galeon USA,MarineMax Pompano,"700 South Federal Highway
 Pompano Beach FL USA 33062"
Galeon USA,MarineMax Ocean Reef,"2 Fishing Village Drive
 Key Largo FL USA 33037"
Galeon USA,MarineMax Stuart,"2370 SW Palm City Road
 Stuart FL USA 34994"
Galeon USA,MarineMax Venice,"1485 S. Tamiami Trail
 Venice FL USA 34285"
Galeon USA,MarineMax Pensacola,"1901 Cypress Street
 Pensacola FL USA 32502"
Galeon USA,MarineMax Jacksonville,"2079 Beach Blvd.
 Jacksonville Beach FL USA 32250"
Galeon USA,MarineMax Cocoa,"1410 King Street
 Cocoa FL USA 32922"
Galeon USA,MarineMax Panama City,"3605 Thomas Drive
 Panama City FL USA 32408"
Galeon USA,MarineMax Lake Lanier,"1860 Bald Ridge Marina Road
 Cumming GA USA 30041"
Galeon USA,MarineMax Norwalk,"130 Water Street
 Norwalk CT USA 06854"
Galeon USA,MarineMax Kent Island,"448 Kent Narrows Way N.
 Grasonville MD USA 21638"
Galeon USA,MarineMax Lake Hopatcong,"134 Espanong Rd.
 Lake Hopatcong NJ USA 07849"
Galeon USA,MarineMax Westbrook,"627 Boston Post Road
 Westbrook CT USA 06498"
Galeon USA,MarineMax West Palm Beach,"251 Banyan Boulevard Suite 206
 West Palm Beach Florida 33401"
Galeon USA,Silver Seas Yachts,"301 Shipyard Way
 Newport Beach CA USA 92663"
Galeon USA,Silver Seas Yachts,"901 Fairview Ave N
 Seattle WA USA 98109"
Galeon USA,Silver Seas Yachts,"300 Harbor Drive
 Sausalito CA USA 94965"
Galeon USA,Silver Seas Yachts,"2385 Shelter Island Drive
 San Diego CA USA 92106"
Galeon USA,"Skipper Bud’s Grand Haven, MI  ","11 Harbor Island Drive
 Grand Haven MI USA 49417"
Galeon USA,"SkipperBud’s Harrison Township, MI","41700 Conger Bay Drive, Harrison
 Harrison MI USA 48045"
Galeon USA,"SkipperBud’s Winthrop Harbor, IL","215 North Point Drive
 Winthrop Harbor IL USA 60096"
Galeon USA,"SkipperBud’s Marblehead, OH ","6801 East Harbor Road
 Marblehead OH USA 43440"
Galeon USA,"SkipperBud’s, Pewaukee, WI ","1030 Silvernail Road
 Pewaukee WI USA 53072"
Galeon USA,"SkipperBud’s, Sturgeon Bay, WI ","705 Quarterdeck Lane
 Sturgeon Bay WI USA 54235"
Galeon USA,MarineMax Fort Walton Beach,"14 Miracle Strip Parkway SW
 Fort Walton Beach FL USA 32548"
Galeon USA,MarineMax Savannah,"3518 Old Tybee Road
 Thunderbolt GA USA 31410"
Galeon USA,MarineMax Danvers,"10 Hutchinson Drive
 Danvers MA USA 01923"
Galeon USA,MarineMax Boston,"64 Washington Court
Bay Pointe Marina
 Quincy MA USA 02169"
Galeon USA,MarineMax Excelsior,"141 Minnetonka Blvd
 Excelsior MI USA 55331"
Galeon USA,MarineMax Rogers,"20300 County Rd 81
 Rogers MN USA 55374"
Galeon USA,MarineMax Lake Ozark,"3070 Bagnell Dam Blvd.
 Lake Ozark MO USA 65049"
Galeon USA,MarineMax Osage Beach,"4543 Osage Beach Parkway
 Osage Beach MO USA 65065"
Galeon USA,MarineMax Lake Norman,"9209 Westmoreland Road
 Cornelius NC USA 28031"
Galeon USA,MarineMax Wrightsville Beach,"130 Short Street
 Wrightsville Beach NC USA 28480"
Galeon USA,MarineMax Brick,"101 Riverside Dr. N.
 Brick NJ USA 08724"
Galeon USA,MarineMax Ocean View,"2602 Shore Road (Route 9)
 Ocean View NJ USA 08230"
Galeon USA,MarineMax Somers Point,"600 Bay Avenue
 Somers Point NJ USA 08244"
Galeon USA,MarineMax Huntington,"155 West Shore Road
 Huntington NY USA 11743"
Galeon USA,MarineMax Grand Lake,"56300 East 280 Road
 Monkey Island OK USA 74331"
Galeon USA,MarineMax Newport,"91 Long Wharf
 Newport RI USA 02840"
Galeon USA,MarineMax Wakefield,"362 Pond Street
Silver Spring Marina
 Wakefield RI USA 02879"
Galeon USA,MarineMax Charleston,"152 Sportsman Island Drive
 Charleston SC USA 29492"
Galeon USA,MarineMax Greenville,"14 Burty Road
 Greenville SC USA 29605"
Galeon USA,MarineMax Lake Wylie,"310 Blucher Circle
 Lake Wylie SC USA 29710"
Galeon USA,MarineMax Dallas,"1490 N. Stemmons Freeway
 Dallas TX USA 75067"
Galeon USA,MarineMax Dallas Yacht Center,"1481 E. Hill Park Rd.
 Lewisville TX USA 75056"
Galeon USA,MarineMax Houston,"3001 NASA Parkway
 Seabrook TX USA 77586"
Galeon USA,Prince William Marina,"12849 Gordon Blvd.
 Woodbridge VA USA 22192"
Galeon Canada,Freedom Marine International Yacht Sales,"510 Nicola Street #100
 Vancouver BC Canada V6G 3C7"
Galeon Canada,Freedom Marine International Yacht Sales,"9835 Seaport Pl, Unit 1D
 Sidney BC Canada V8L 4X3"
Galeon Canada,Marine 360,"50, 62ième Avenue
 Île-aux-Noix Canada J0J 1G0"
Galeon Mexico,Camino Al Mare,"Av Tulum 232 – B8
Manzana 15 SM 4
 Cancún Centro Mexico 77500"
Galeon Costa Rica ,Maspor Marine,San Jose Costa Rica
Galeon El Salvador,Maspor Marine,"Paseo General Escalón #4715
Segunda planta Local #1
 San Salvador El Salvador"
Galeon Guatemala,Maspor Marine,"20 Calle 16-00
Zona 10 esquina
 Guatemala Guatemala 01010"
Galeon Honduras,Maspor Marine,"29 Calle, 10 Avendia S.O.
BO. La Guardia
 San Pedro Sula Honduras"
Galeon Nicaragua,Maspor Marine,"Camino de Oriente
 Managua Nicaragua"
Galeon PANAMÁ,Maspor Marine,"Calle 50 Edificio Rita Angélica
 San Francisco Panama Panama"